﻿<?xml version="1.0" standalone="yes"?>
<NLS name="Command">
  <UI name="figure1" type="Name" style="figure" chs="设置" en="Settings" />
  <UI name="uipanel_GPU" type="Title" style="uipanel" chs="GPU设置" en="GPU settings" />
  <UI name="listbox1" type="String" style="uipanel" chs="请点击选择空闲GPU" en="Please click Choose idle GPU" />
  <UI name="uipanel_license" type="Title" style="uipanel" chs="许可证" en="License" />
  <UI name="pushbutton_chooseGPU" type="String" style="pushbutton" chs="选择空闲GPU" en="Choose idle GPU" />
  <UI name="pushbutton_useSelectedGPU" type="String" style="pushbutton" chs="确定所选GPU" en="Use selected GPU" />
  <UI name="pushbutton_importLicense" type="String" style="pushbutton" chs="导入许可证" en="Import a license" />
  <UI name="pushbutton_removeLicense" type="String" style="pushbutton" chs="移除许可证" en="Remove the license" />
  <UI name="pushbutton_resumeLicense" type="String" style="pushbutton" chs="恢复移除的许可证" en="Resume removed license" />
  <UI name="pushbutton_defaultLicense" type="String" style="pushbutton" chs="使用默认的许可证" en="Use a default license" />
  <UI name="pushbutton_OK" type="String" style="pushbutton" chs="确定" en="OK" />
  <UI name="pushbutton_cancel" type="String" style="pushbutton" chs="取消" en="Cancel" />
  <UI name="text1" type="String" style="text" chs="提示:" en="Note:" />
  <UInote name="ImportLicenseFile" chs="导入新的许可证" en="Import a new license" />
  <UInote name="RemoveLicenseFile" chs="移除许可证" en="Remove current license" />
  <UInote name="NotImported" chs="提示：未导入许可证" en="Note: License is not imported" />
  <UInote name="NewImported" chs="提示：已导入新的许可证" en="Note: A new license is imported" />
  <UInote name="removed" chs="提示：已移除许可证" en="Note: License is removed" />
  <UInote name="resumed" chs="提示：已恢复许可证" en="Note: License is resumed" />
  <UInote name="useDefault" chs="提示：已使用默认的许可证" en="Note: Default license is used" />
  <UInote name="isNotLicense" chs="这不是有效的许可证！" en="It is not a valid license!" />
  <UInote name="noLicense" chs="无许可证。" en="No license. " />
  <UInote name="validLicense" chs="当前许可证（有效）：" en="Current license (valid): " />
  <UInote name="unvalidLicense" chs="当前许可证（无效）：" en="Current license (unvalid): " />
  <UInote name="validUntil" chs="；有效期至：" en="; Valided until: " />
  <UInote name="reopen" chs="更改许可证后，需重新打开矩阵离散元软件。" en="Please reopen the MatDEM after changing the license." />
</NLS>