﻿<?xml version="1.0" standalone="yes"?>
<NLS name="FileList">
  <UI name="figure1" type="Name" style="figure" chs="文件选择" cht="檔案選擇" en="Select files" es="Elegir archivos" de="files wählen" fr="Sélection les fichiers" ja="ファイル選択" />
  <UI name="pushbutton_addFile" type="String" style="text" chs="增加文件" cht="新增檔案" en="Add files" es="Agregar archivos" de="files zulegen" fr="Ajouter les fichiers" ja="ファイル増加" />
  <UI name="pushbutton_upward" type="String" style="text" chs="上移所选文件" cht="上移所選檔案" en="Upward" es="Subir" de="Aufwärts" fr="Vers le haut" ja="上に移行する" />
  <UI name="pushbutton_downward" type="String" style="text" chs="下移所选文件" cht="下移所選檔案" en="Downward" es="Bajar" de="Abwärts" fr="Vers le bas" ja="下に移行する" />
  <UI name="pushbutton_flipFile" type="String" style="text" chs="翻转文件顺序" cht="翻轉檔案順序" en="Flip files" es="Voltear archivos" de="Die Reihenfolge der files drehen" fr="Retourner les fichiers" ja="ファイルの順番逆転" />
  <UI name="pushbutton_delFile" type="String" style="text" chs="删除所选文件" cht="删除所選檔案" en="Delete files" es="Suprimir archivos" de="files löschen" fr="Supprimer le fichier" ja="選ぶファイルを削除する" />
  <UI name="pushbutton_delAll" type="String" style="text" chs="删除所有文件" cht="删除所有檔案" en="Delete all" es="Suprimir el todo" de="Alles löschen" fr="Supprimer tous" ja="すべてのファイルを削除する" />
  <UI name="pushbutton_OK" type="String" style="text" chs="确定" cht="確定" en="OK" es="OK" de="Ja" fr="Oui" ja="確定" />
  <UI name="pushbutton_cancel" type="String" style="text" chs="取消" cht="取消" en="Cancel" es="Cancelar" de="Abschaffen" fr="Annuler" ja="キャンセル" />
</NLS>