﻿<?xml version="1.0" standalone="yes"?>
<NLS name="Command">
  <UI name="figure1" type="Name" style="figure" chs="MatDEM主程序" cht="MatDEM主程序" en="MatDEM_Main" es="MatDEM Programa Principal" de="MatDEM Hauptprogramm " fr="MatDEM_Principal" ja="MatDEM_メイン" />
  <UI name="togglebutton_File" type="String" style="togglebutton" chs="命令编辑器" cht="命令編輯器" en="Command editor" es="Orden editor" de="Kommando-Editor" fr="Éditeur de commandes" ja="コマンドエディタ" />
  <UI name="togglebutton_Para" type="String" style="togglebutton" chs="数据查看器" cht="數據檢視器" en="Data viewer" es="Dato visor" de="Dateibetrachter" fr="Lecteur de données" ja="データビューアー" />
  <UI name="pushbutton_openFolder" type="String" style="pushbutton" chs="更改工作文件夹" cht="更改工作資料夾" en="Change folder" es="Cambiar carpeta" de="Ordner ändern" fr="Changer de dossier" ja="チェンジフォルダ" />
  <UI name="pushbutton_refresh" type="String" style="pushbutton" chs="刷新" cht="重繪" en="Refresh" es="Refrescar" de="Aktualisierung" fr="Actualiser" ja="最新の情報に更新" />
  <UI name="text1" type="String" style="text" chs="命令行:" cht="命令列:" en="Command:" es="Orden:" de="Kommandozeile:" fr="Commande:" ja="コマンド:" />
  <UI name="edit_output" type="String" style="edit" chs="输出消息" cht="輸出消息" en="Output message" es="Exportar mensaje" de="Nachrichten ausgeben" fr="Message de sortie" ja="メッセージ出力" />
  <UI name="text_note" type="String" style="text" chs="提示：输入命令按回车键执行；点击参数显示详细数据；双击打开右侧文件和文件夹" cht="提示：輸入命令按回車鍵執行；點擊參數顯示詳細數據；按兩下打開右側檔案和資料夾" en="Note: enter command and press ENTER to run it; click parameters to show detailed data; double click right side file and folder" es="Nota: Escribir orden y clic ENTER para seguirlo; clic parámetro para presentar dato detallado; clic doblemente el dato y la carpeta del derecho" de="Hinweis：Gib das Kommando ein und klick die Eingabetaste; Klick Parameter und die detaillierten Dateien werden entfaltet; Doppelklick die rechten Files und Ordner" fr="Remarque: entrez la commande et appuyez sur ENTER pour l'exécuter；cliquez sur les paramètres pour afficher les données détaillées; cliquez deux fois sur le fichier et le dossier du côté droit" ja="注意：コマンドを入力し、エンターキーを押して実行する；パラメタをクリックして、詳しいデータを示す；ダブルクリックして、右側のファイルとフォルダを開く" />
  <UI name="pushbutton_postPro" type="String" style="pushbutton" chs="后处理模块" cht="後處理模塊" en="Postprocessing" es="Post-procesamiento" de="Postprozessor" fr="Post-processeur" ja="ポストプロッセシング" />
  <UI name="pushbutton_smallForm" type="String" style="pushbutton" chs="小窗口" cht="小視窗" en="Mini form" es="Mini ventana" de="Kleine Form" fr="Mini fenêtre"  ja="ミニフォーム" />
  <UI name="pushbutton_bigFigure" type="String" style="pushbutton" chs="大图" cht="大圖" en="Large picture" es="Foto grande" de="Großes Bild" fr="Grande photo"  ja="全体像" />
  <UI name="pushbutton_runCommand" type="String" style="pushbutton" chs="运行以上命令" cht="運行以上命令" en="Run commands" es="Ejecutar las órdenes" de="Lauf die obigen Anordnungen" fr="Exécuter les commandes" ja="以上のコマンドを実行する" />
  <UI name="pushbutton_pause" type="Tooltip" style="pushbutton" chs="暂停" cht="暫停" en="Pause" es="Pausa" de="Pause" fr="Pause" ja="一時停止" />
  <UI name="pushbutton_continue" type="Tooltip" style="pushbutton" chs="继续" cht="繼續" en="Continue" es="Continuar" de="Fortsetzen" fr="Continuer" ja="持続する" />
  <UI name="pushbutton_stop" type="Tooltip" style="pushbutton" chs="停止" cht="停止" en="Stop" es="Detener" de="Halt" fr="Arrêtez" ja="やめる" />
  <UI name="pushbutton_chooseGPU" type="String" style="pushbutton" chs="选择空闲GPU" cht="選擇空閒GPU" en="Choose GPU" es="Elegir GPU" de="Wähl freie GPU" fr="Choissir GPU" ja="空いてるGPUを選択する" />
  <UI name="text_GPUnote" type="String" style="text" chs="GPU信息" cht="GPU資訊" en="GPU information" es="GPU información" de="GPU Informationen" fr="GPU information" ja="GPUインフォメーション" />
  <UI name="menu_command" type="Label" style="menu" chs="命令" cht="命令" en="Command" es="Orden" de="Kommando" fr="Commande" ja="コマンド" />
  <UI name="menu_new" type="Label" style="menu" chs="新建命令文件" cht="新建命令檔案" en="New file" es="Nuevo archivo" de="Neues File" fr="Nouveau fichier" ja="新しいコマンドファイル" />
  <UI name="menu_open" type="Label" style="menu" chs="打开命令文件" cht="打開命令檔案" en="Open file" es="Abrir el archivo" de="File öffnen" fr="Ouvrir le fichier" ja="コマンドファイルを開く" />
  <UI name="menu_save" type="Label" style="menu" chs="保存命令文件" cht="保存命令檔案" en="Save file" es="Guardar el archivo" de="File aufbewahren" fr="Enregistrer le fichier" ja="コマンドファイルを上書き保存" />
  <UI name="menu_saveas" type="Label" style="menu" chs="另存命令文件" cht="另存命令檔案" en="Save file as" es="Guardar el archivo como" de="File als aufbewahren" fr="Enregistrer le fichier sous" ja="コマンドファイルを名前を付けて保存" />
  <UI name="menu_data" type="Label" style="menu" chs="数据" cht="數據" en="Data" es="Dato" de="Dateien" fr="Donnée" ja="データ" />
  <UI name="menu_openData" type="Label" style="menu" chs="打开数据文件" cht="打開資料檔案" en="Open data file" es="Abrir el dato" de="Dateien öffnen" fr="Ouvrir le fichier de données" ja="データファイルを開く" />
  <UI name="menu_saveData" type="Label" style="menu" chs="保存数据文件" cht="保存資料檔案" en="Save data file" es="Guardar el dato" de="Dateien aufbewahren" fr="Enregistrer le fichier de données" ja="データファイルを上書き保存" />
  <UI name="menu_edit" type="Label" style="menu" chs="编辑" cht="編輯" en="Edit" es="Editar" de="Edieren" fr="Éditer" ja="編集" />
  <UI name="menu_cut" type="Label" style="menu" chs="剪切" cht="剪切" en="Cut" es="Cortar" de="Ausschneiden" fr="Couper" ja="切り取り" />
  <UI name="menu_copy" type="Label" style="menu" chs="复制" cht="複製" en="Copy" es="Copiar" de="Kopieren" fr="Copier" ja="コピー" />
  <UI name="menu_paste" type="Label" style="menu" chs="粘贴" cht="粘貼" en="Paste" es="Pegar" de="Einfügen" fr="Coller" ja="貼り付け" />
  <UI name="menu_selectAll" type="Label" style="menu" chs="全选" cht="全選" en="Select all" es="Elegir el todo" de="Alles wählen" fr="Sélectionner tous" ja="すべて選択" />
  <UI name="menu_draw" type="Label" style="menu" chs="绘图" cht="繪圖" en="Draw" es="Dibujar" de="Zeichnen" fr="Dessiner" ja="作図" />
  <UI name="menu_postPro" type="Label" style="menu" chs="后处理模块" cht="後處理模塊" en="Postprocessing" es="Post-procesamiento" de="Postprozessor-Modul" fr="Post-processeur" ja="ポストプロッセシング" />
  <UI name="menu_help" type="Label" style="menu" chs="帮助" cht="幫助" en="Help" es="Ayuda" de="Hilfe" fr="Aide" ja="ヘルプ" />
  <UI name="menu_helpFile" type="Label" style="menu" chs="帮助文件" cht="幫助檔" en="Help document" es="Ayuda archivo" de="Hilfefile" fr="Aide fichier" ja="ヘルプファイル" />
  <UI name="menu_about" type="Label" style="menu" chs="关于" cht="關於" en="About" es="sobre" de="Über" fr="Sur" ja="について" />
  <UI name="cmenu_cut" type="Label" style="menu" chs="剪切 Ctrl+X" cht="剪切 Ctrl+X" en="Cut Ctrl+X" es="Cortar Ctrl+X" de="Ausschneiden Ctrl+X" fr="Couper Ctrl+X" ja="切り取り　Ctrl+X" />
  <UI name="cmenu_copy" type="Label" style="menu" chs="复制 Ctrl+C" cht="複製 Ctrl+C" en="Copy Ctrl+C" es="Copiar Ctrl+C" de="Kopieren Ctrl+C" fr="Copier Ctrl+C" ja="コピー　Ctrl+C" />
  <UI name="cmenu_paste" type="Label" style="menu" chs="粘贴 Ctrl+V" cht="粘貼 Ctrl+V" en="Paste Ctrl+V" es="Pegar Ctrl+V" de="Einfügen Ctrl+V" fr="Coller Ctrl+V" ja="貼り付け　Ctrl+V" />
  <UI name="cmenu_selectAll" type="Label" style="menu" chs="全选 Ctrl+A" cht="全選 Ctrl+A" en="Select all Ctrl+A" es="Elegir el todo Ctrl+A" de="Alles wählen Ctrl+A" fr="Sélectionner tous Ctrl+A" ja="すべて選択　Ctrl+A" />
  <UIcell name="uitable1" type="ColumnName" style="uitable">
    <item value="0" chs="参数" cht="參數" en="Parameter" es="Parámetro" de="Parameter" fr="Paramètres" ja="パラメタ" />
    <item value="1" chs="值" cht="值" en="Value" es="Valor" de="Wert" fr="Valeur" ja="値" />
	<item value="2" chs="最小值" cht="最小值" en="Minimum" es="Mínimo" de="Minimalwert" fr="Minimum" ja="最小値" />
	<item value="3" chs="最大值" cht="最大值" en="Maximum" es="Máximo" de="Maximalwert" fr="Maximum" ja="最大値" />
  </UIcell>
  <UInote name="MatDEMfileNotExist" chs="提示：文件不存在 - " cht="提示：檔案不存在 - " en="Note: file is not exist - " es="Nota:el archivo no existe" de="Hinweis: Das File existiert nicht" fr="Remarque: le fichier n'existe pas" ja="注意：ファイルが存在しません - " />
  <UInote name="MatDEMparaNotExist" chs="提示：参数不存在 - " cht="提示：參數不存在 - " en="Note: parameter is not exist - " es="Nota:el parámetro no existe" de="Hinweis: Das Parameter existiert nicht" fr="Remarque: les paramètres n'existent pas" ja="注意：パラメタが存在しません - " />
  <UInote name="buildObjectNotExist" chs="数据中不存在用于后处理的命名为d的build对象！" cht="數據中不存在用於後處理的命名為d的build對象！" en="The build object d is not exist in the data!" es="El build objeto no existe en el dato!" de="Das Objekt namens d existiert nicht in den Dateien." fr="L'objet build de d n'existe pas dans les données" ja="データ中にポストプロッセシングと使うｄというbuild対象が存在しません！" />
  <UInote name="msgboxNote" chs="提示" cht="提示" en="Note" es="Nota" de="Hinweis" fr="Remarque" ja="注意" />
  <UInote name="NoteBusy" chs="正忙" cht="正忙" en="Busy" es="Ocupado" de="Beschäftigt" fr="Occupé" ja="忙しい" />
  <UInote name="NewCommandFile" chs="新建命令文件" cht="新建命令檔案" en="New command file" es="Nuevo orden archivo" de="Neues Kommandofile" fr="Nouveau fichier de commande" ja="新しいコマンドファイル" />
  <UInote name="OpenCommandFile" chs="打开命令文件" cht="打開命令檔案" en="Open command file" es="Abrir el orden archivo" de="Kommandofile öffnen" fr="Ouvrir le fichier de commande" ja="コマンドファイルを開く" />
  <UInote name="SaveCommandFile" chs="保存命令文件" cht="保存命令檔案" en="Save command file" es="Guardar el orden archivo" de="Kommandofile aufbewahren" fr="Enregistrer le fichier de commande" ja="コマンドファイルを上書き保存" />
  <UInote name="SaveCommandFileAs" chs="另存命令文件" cht="另存命令檔案" en="Save command file as" es="Guardar el orden archivo como" de="Kommandofile als aufbewahren" fr="Enregistrer le fichier de commande sous" ja="コマンドファイルを名前を付けて保存" />
  <UInote name="OpenDataFile" chs="打开数据文件" cht="打開資料檔案" en="Open data file" es="Abrir el dato archivo" de="Dateifile öffnen" fr="Ouvrir le fichier de données" ja="データファイルを開く" />
  <UInote name="SaveDataFileAs" chs="另存数据文件" cht="另存資料檔案" en="Save data file as" es="Guardar el dato archivo como" de="Dateifile als aufbewahren" fr="Enregistrer le fichier de données sous" ja="データファイルを名前を付けて保存" />
  <UInote name="SelectWorkFolder" chs="选择工作文件夹" cht="選擇工作資料夾" en="Select work folder" es="Elegir la carpeta de trabajo" de="Abeitsodner wählen " fr="Sélectionner le dossier de travail" ja="ワークフォルダを選択する" />
  <UInote name="ChoosingGPU" chs="正在选取空闲的GPU..." cht="正在選取空閒的GPU..." en="Choosing free GPU..." es="Eligiendo GPU libre" de="Freie CPU wählen" fr="En train de sélectionner GPU disponible" ja="空いているGPUを選択中..." />
  <UInote name="restoreForm" chs="恢复" cht="恢復" en="Restore" es="Recuperar" de="Wiederherstellen" fr="Restaurer" ja="戻す" />
  <UInote name="miniForm" chs="小窗口" cht="小視窗" en="Mini form" es="Mini ventana" de="Kleine Form" fr="Mini fenêtre" ja="ミニフォーム" />
  <UInote name="bigFigure" chs="大图" cht="大圖" en="Large picture" es="Foto grande" de="Großes Bild" fr="Grande photo"  ja="全体像" />
  <UInote name="smallFigure" chs="小图" cht="小圖" en="Small picture" es="Pequeña imagen" de="Kleines bild" fr="Petite photo"  ja="小さな絵" />
  <UInote name="exit" chs="退出" cht="退出" en="Exit" es="Salir" de="Beenden Sie" fr="Quitter" ja="終了" />
  <UInote name="note" chs="提示" cht="提示" en="Note" es="Nota" de="Hinweis" fr="Remarque" ja="注意" />
  <UInote name="cancel" chs="取消" cht="取消" en="Cancel" es="Cancelar" de="Abschaffen" fr="Annuler" ja="キャンセル" />
</NLS>