<?xml version="1.0" standalone="yes"?>
<NLS name="links">
  <UI name="pushbutton_link1" Visible="true" link="http://matdem.com/matdem/links.asp?linkid=1" type="String" style="pushbutton" chs="教程和学习建议" en="Book and others" />
  <UI name="pushbutton_link2" Visible="true" link="http://matdem.com/matdem/links.asp?linkid=2" type="String" style="pushbutton" chs="二次开发语言基础视频" en="Matlab video" />
  <UI name="pushbutton_link3" Visible="true" link="http://matdem.com/matdem/links.asp?linkid=3" type="String" style="pushbutton" chs="英文教学资料" en="Tutorials in English" />
  <UI name="pushbutton_link4" Visible="true" link="http://matdem.com/matdem/links.asp?linkid=4" type="String" style="pushbutton" chs="离散元慕课" en="MOOC video" />
  <UI name="pushbutton_link5" Visible="true" link="http://matdem.com/matdem/links.asp?linkid=5" type="String" style="pushbutton" chs="仿真秀教学视频" en="Teaching video" />
  <UI name="pushbutton_link6" Visible="true" link="http://matdem.com/matdem/links.asp?linkid=6" type="String" style="pushbutton" chs="矩阵离散元云计算系统" en="MatDEM in Cloud" />
  <UI name="pushbutton_link7" Visible="true" link="http://matdem.com/matdem/links.asp?linkid=7" type="String" style="pushbutton" chs="MatDEM技术培训" en="MatDEM training" />
  <UI name="pushbutton_link8" Visible="false" link="" type="String" style="pushbutton" chs="空" en="null" />
</NLS>
