﻿<?xml version="1.0" standalone="yes"?>
<NLS name="apps">
  <UI name="UIFigure" type="Name" style="figure" chs="MatDEM应用" cht="MatDEM应用" en="MatDEM apps" es="MatDEM apps" de="MatDEM apps" fr="MatDEM apps" ja="MatDEM apps" />
  <UIcell name="ListBox_appList" type="Items" style="popupmenu">
    <item value="app/UI_Demo_exported.m" chs="管子示例 (UI_Demo_exported)" cht="管子示例 (UI_Demo_exported)" en="Tube example (UI_Demo_exported)" es="Tube example (UI_Demo_exported)" de="Tube example (UI_Demo_exported)" fr="Tube example (UI_Demo_exported)" ja="Tube example (UI_Demo_exported)" />
    <item value="app/UI_BoxModel.m" chs="简单滑坡 (BoxModel)" cht="简单滑坡 (BoxModel)" en="Simple slope (BoxModel)" es="Simple slope (BoxModel)" de="Simple slope (BoxModel)" fr="Simple slope (BoxModel)" ja="Simple slope (BoxModel)" />
    <item value="app/UI_Aerolite.m" chs="陨石撞击 (BoxCrash)" cht="陨石撞击(BoxCrash)" en="Aerolite impact (BoxCrash)" es="Aerolite impact (BoxCrash)" de="Aerolite impact (BoxCrash)" fr="Aerolite impact (BoxCrash)" ja="Aerolite impact (BoxCrash)" />
    <item value="app/UI_MaterialTraining_exported.m" chs="材料训练 (MaterialTraining)" en="Material Training (MaterialTraining)" />
  </UIcell>
  <UI name="Button_addApp" type="Text" style="pushbutton" chs="增加应用" cht="增加应用" en="Add a app" es="Add a app" de="Add a app" fr="Add a app" ja="Add a app" />
  <UI name="Button_delApp" type="Text" style="pushbutton" chs="移除应用" cht="Remove the app" en="Remove the app" />
  <UInote name="Error" chs="代码中存在错误" cht="代码中存在错误" en="Error in code" es="Error in code" de="Error in code" fr="Error in code" ja="Error in code" />
</NLS>