﻿<?xml version="1.0" standalone="yes"?>
<NLS name="Material">
  <UI name="figure1" type="Name" style="figure" chs="MatDEM材料" cht="MatDEM材料" en="MatDEM_Material" es="MatDEM_Material" de="MatDEM Material" fr="MatDEM Matériel" ja="MatDEM材料" />
  <UI name="pushbutton_newMat" type="String" style="pushbutton" chs="新建材料" cht="新建材料" en="New material" es="Nuevo material" de="Neues Material" fr="Nouveau matériel" ja="新しい材料" />
  <UI name="pushbutton_importMat" type="String" style="pushbutton" chs="导入材料" cht="導入材料" en="Import material" es="Importar material" de="Material des Einführens" fr="Entrer les matériels" ja="材料をインポートする" />
  <UI name="pushbutton_saveAllMat" type="String" style="pushbutton" chs="保存全部材料" cht="保存全部材料" en="Save all material" es="Guardar todos los materiales" de="Alle Materialien aufbewahren" fr="Enregistrer tous les matériels" ja="すべての材料を上書き保存する" />
  <UI name="pushbutton_trainMat" type="String" style="pushbutton" chs="训练材料的微观参数" cht="訓練材料的微觀參數" en="Train micro parameters of material" es="Enseñar micro parámetros de material" de="Mikroskopische Parameter der trainierenden Materialien " fr="les mini paramètres du matériel de formation " ja="訓練材料のミクロパラメタ" />
  <UI name="pushbutton_deleteMat" type="String" style="pushbutton" chs="删除所选材料" cht="删除所選材料" en="Delete material" es="Suprimir material" de="Die ausgewählten Materialien löschen " fr="Supprimer le matériel choisi" ja="選ぶ材料を削除する" />
  <UI name="pushbutton_OK" type="String" style="pushbutton" chs="确定" cht="確定" en="OK" es="OK" de="Ja" fr="D'accord" ja="確定" />
  <UI name="pushbutton_cancel" type="String" style="pushbutton" chs="取消" cht="取消" en="Cancel" es="Cancelar" de="Abschaffen" fr="Annuler" ja="キャンセル" />
  <UI name="pushbutton_saveMacroPro" type="String" style="pushbutton" chs="保存材料宏观力学性质" cht="保存材料宏觀力學性質" en="Save macro mechanical properties" es="Guardar los caracteres de macro mecánica" de="Die makroskopischen mechanischen Eigenschaften der Materialien aufbewahren" fr="Enregistrer les propriétés macro-mécaniques" ja="材料マクロ力学性質を保存する" />
  <UI name="pushbutton_saveMicroPro" type="String" style="pushbutton" chs="保存材料微观力学参数" cht="保存材料微觀力學參數" en="Save micro mechanical parameters" es="Guardar micro mecánicos parámetros material" de="Die mikroskopischen mechanischen Parameter der Materialien aufbewahren" fr="Enregistrer les propriétés micro-mécaniques" ja="材料ミクロ力学パラメタを保存する" />
  <UI name="text1" type="String" style="text" chs="材料列表" cht="材料清單" en="Material list" es="Lista de material" de=" Liste der Materialien" fr="la liste du matériel" ja="材料リスト" />
  <UI name="text2" type="String" style="text" chs="材料宏观力学性质" cht="材料宏觀力學性質" en="Macro mechanical properties of material" es="Los caracteres de macro mecánica materail" de="Die makroskopischen mechanischen Eigenschaften der Materialien" fr="les propriétés macro-mécaniques du matériel" ja="材料マクロ力学性質" />
  <UI name="text3" type="String" style="text" chs="材料微观力学参数" cht="材料微觀力學參數" en="Micro mechanical properties of material" es="Los parámetros de micro mecánica material" de="Die mikroskopischen mechanischen Parameter der Materialien" fr="les propriétés micro-mécaniques du matériel" ja="材料ミクロ力学パラメタ" />
  <UI name="text4" type="String" style="text" chs="材料其它宏观力学性质（供参考）" cht="材料其它宏觀力學性質（供參考） " en="Other macro mechanical properties of material (for reference)" es="Otro caracteres de macro mecánica material (para la referencia)" de="Die anderen makroskopischen mechanischen Eigenschaften der Materialien(Diese Angaben sind wie immer ohne Gewähr) " fr="Autres propriétés macro-mécaniques du matériel (pour référence)" ja="材料ほかのマクロ力学性質（参考に）" />
  <UI name="checkbox_saveMat" type="String" style="checkbox" chs="保存为Mats数组" cht="保存為Mats數組" en="Save in Mats array" es="Guardar en Mats array" de="Im Mats-Katalog aufbewahren" fr="Enregistrer sous le tableau Mats" ja="Matsアレーに保存する" />
  <UIcell name="uitable1" type="ColumnName" style="uitable">
    <item value="0" chs="参数名" cht="參數名" en="Name" es="Nombre" de="Name" fr="Nom" ja="パラメタ名" />
    <item value="1" chs="参数值" cht="參數值" en="Value" es="Valor" de="Wert" fr="Valeur" ja="パラメタ値" />
	<item value="2" chs="参数说明" cht="參數說明" en="Note" es="Nota" de="Hinweis" fr="Remarque" ja="パラメタ説明" />
	<item value="3" chs="倍率" cht="倍率" en="Rate" es="Tasa" de="Rate" fr="Taux" ja="倍率" />
  </UIcell>
  <UIcell name="uitable2" type="ColumnName" style="uitable">
    <item value="0" chs="参数名" cht="參數名" en="Name" es="Nombre" de="Name" fr="Nom" ja="パラメタ名" />
    <item value="1" chs="参数值" cht="參數值" en="Value" es="Valor" de="Wert" fr="Valeur" ja="パラメタ値" />
	<item value="2" chs="参数说明" cht="參數說明" en="Note" es="Nota" de="Hinweis" fr="Remarque" ja="パラメタ説明" />
  </UIcell>
  <UIcell name="uitable3" type="ColumnName" style="uitable">
    <item value="0" chs="参数名" cht="參數名" en="Name" es="Nombre" de="Name" fr="Nom" ja="パラメタ名" />
    <item value="1" chs="参数值" cht="參數值" en="Value" es="Valor" de="Wert" fr="Valeur" ja="パラメタ値" />
	<item value="2" chs="参数说明" cht="參數說明" en="Note" es="Nota" de="Hinweis" fr="Remarque" ja="パラメタ説明" />
	<item value="2" chs="" cht="" en="" es="" de="" fr="" ja="" />
    <item value="0" chs="参数名" cht="參數名" en="Name" es="Nombre" de="Name" fr="Nom" ja="パラメタ名" />
    <item value="1" chs="参数值" cht="參數值" en="Value" es="Valor" de="Wert" fr="Valeur" ja="パラメタ値" />
	<item value="2" chs="参数说明" cht="參數說明" en="Note" es="Nota" de="Hinweis" fr="Remarque" ja="パラメタ説明" />
  </UIcell>
  <UInote name="MaterialName" chs="材料名" cht="材料名" en="Material name" es="Nombre de material" de="Der Name des Matrials" fr="Le nom du matériel" ja="材料名" />
  <UInote name="YoungModulus" chs="杨氏模量" cht="楊氏模量" en="Young's modulus" es="Módulo de Young" de="Youngs Modulus" fr="Module d'Young" ja="ヤング率" />
  <UInote name="PoissonRatio" chs="泊松比" cht="泊松比" en="Poisson's ratio" es="Tasa de Poisson" de="Poissons Rate" fr="Coefficient de Poisson" ja="ポアソン比" />
  <UInote name="TensileStrength" chs="抗拉强度" cht="抗拉强度" en="Tensile strength" es="La resistencia a la tracción" de="Ziehfestigkeit" fr="Résistance à la traction" ja="引っ張り強さ" />
  <UInote name="CompressiveStrength" chs="抗压强度" cht="抗壓強度" en="Tensile strength" es="La resistencia a la compresión" de="Druckfestigkeit" fr="Résistance à la traction" ja="圧縮強さ" />
  <UInote name="FrictionCoefficient" chs="内摩擦系数" cht="內摩擦係數" en="Coefficient of intrinsic friction" es="El coeficiente de fricción interna" de="Koeffizient der inneren Reibung" fr="Coefficient de friction interne" ja="内部摩擦係数" />
  <UInote name="Density" chs="密度" cht="密度" en="Density" es="densidad" de="Densität" fr="Dentisité" ja="密度" />
  <UInote name="ElementDiameter" chs="单元平均直径" cht="單元平均直徑" en="Mean diameter" es="Diámetro medio de la unidad" de="Durchschnittlicher Diameter" fr="Diamètre moyen" ja="平均直径" />
  <UInote name="NormalStiffness" chs="正向刚度" cht="正向剛度" en="Normal stiffness" es="Rigidez normal" de="Normale Härte" fr="Raideur normale" ja="順方向剛性" />
  <UInote name="ShearStiffness" chs="切向刚度" cht="切向剛度" en="Shear stiffness" es="Cortar rigidez " de="Schneidende Härte" fr="Raideur de cisaillement" ja="接線方向剛性" />
  <UInote name="BreakDisplacement" chs="断裂位移" cht="斷裂位移" en="Breaking displacement" es="Roto desplazamiento" de="Verschiebung des Bruchs" fr="Rupture de déplacement" ja="破壊変位" />
  <UInote name="ShearResistance" chs="初始抗剪力" cht="初始抗剪力" en="Initial shear resistance" es="La resistencia inicial de cortar" de="Initiale Schubfestigkeit" fr="Résistance initiale au cisaillement" ja="初期せん断力" />
  <UInote name="ElementFriction" chs="摩擦系数" cht="摩擦係數" en="Coefficient of friction" es="El coeficiente de fricción" de="Reibungskoeffizient" fr="Coefficient de friction" ja="摩擦係数" />
  <UInote name="ElementMass" chs="单元质量" cht="單元質量" en="Element mass" es="Peso de elementos" de="Die Masse des Elementes" fr="Masse des éléments" ja="元素質" />
  <UInote name="ShearModulus" chs="剪切模量" cht="剪切模量" en="Shear modulus" es="Cortar módulus" de="Schubmodul" fr="Module de cisaillement" ja="剛性率" />
  <UInote name="LameConstant" chs="拉姆常数" cht="拉姆常數" en="Lame's constant" es="Constante de Lame" de="Lames Konstant" fr="Constante de Lame" ja="ラメ定数" />
  <UInote name="Copen" chs="张裂隙时抗压强度" cht="張裂隙時抗壓強度" en="(see Liu et al. 2013, 2017)" es="(ver Liu et al. 2013, 2017)" de="(sieh Liu et al. 2013, 2017)" fr="(voir Liu et al., 2013, 2017)" ja="（劉さんなどに会う、2017）" />
  <UInote name="Sopen" chs="张裂隙时压应变" cht="張裂隙時壓應變" en="(see Liu et al. 2013, 2017)" es="(ver Liu et al. 2013, 2017)" de="(sieh Liu et al. 2013, 2017)" fr="(voir Liu et al., 2013, 2017)" ja="（劉さんなどに会う、2017）" />
  <UInote name="PwaveSpeed" chs="纵波速度" cht="縱波速度" en="P-wave speed" es="P-ola velocidad" de="P-Welle Geschwindigkeit" fr="Vitesse d'onde P" ja="縦波速度" />
  <UInote name="SwaveSpeed" chs="横波速度" cht="橫波速度" en="S-wave speed" es="S-ola velocidad" de="S-Welle Geschwindigkeit" fr="Vitesse d'onde S" ja="横波速度" />
  <UInote name="ElementPeriod" chs="单元振动周期" cht="單元振動週期" en="Element vibration period" es="Período de vibración de elementos" de="Schwingungsperiode des Elementes" fr="Période de vibration d'élément" ja="元素振動周期" />
  <UInote name="CriticalViscosity" chs="临界阻尼" cht="臨界阻尼" en="Critical viscosity" es="La crítica de amortiguación" de="Kritische Dämpfung" fr="Viscosité critique" ja="臨界減衰" />
  <UInote name="IsFailure" chs="单元是否可屈服破坏" cht="單元是否可屈服破壞" en="Element yeilding failure?" es="Elemento rinde fracaso?" de="Ob sich das Element in der Zerstörung ergebt?" fr="Que l'élément se rendre à la destruction?" ja="元素は破壊に屈服できますか？" />
  <UInote name="Is2DModel" chs="是否是二维单元" cht="是否是二維單元" en="Is 2D model?" es="Es 2D model?" de="Ob es 2D-Modell ist?" fr="Est-ce une unité bidimensionnelle?" ja="二次元モデルかどうか？" />
  <UInote name="ImportMatFile" chs="导入材料文件" cht="導入材料檔案" en="Import material file" es="Importar archivo de material" de="Material-File einführen" fr="Entrer le document du matériel" ja="材料ファイルをインポートする" />
  <UInote name="SaveAllMat" chs="保存全部材料" cht="保存全部材料" en="Save all material" es="Guardar todos los materiales" de="Alle Materialien bewahren" fr="Enregistrer tous les matériels" ja="すべての材料を上書き保存する" />
  <UInote name="NoteTrainMat" chs="在主程序中，使用user_BoxMatTraining.m代码来训练材料" cht="在主程序中，使用user_BoxMatTraining.m程式碼來訓練材料" en="Please use code user_BoxMatTraining.m to train material in Main Program" es="Por favor, usa el código user_BoxMatTraining.m para enseñar el material Programa Principal  " de="Benutz Code user_BoxMatTraining.m im Hauptprohramm, um die Materialien zu trainiren" fr="Veuillez utiliser le code user_BoxMatTraining.m pour former du matériel dans le programme principal" ja="メインプログラムで、user_BoxMatTraining.mコードを使って材料訓練する" />
</NLS>